<options>
	<profile n="language.cs.beautifier_profiles.Default" version="1">
		<p n="indent_with_tabs" v="1"/>
		<p n="nl_before_else" v="1"/>
		<p n="braceloc_try" v="1"/>
		<p n="braceloc_outer_property" v="1"/>
		<p n="braceloc_namespace" v="1"/>
		<p n="braceloc_fun" v="1"/>
		<p n="braceloc_class" v="1"/>
		<p n="braceloc_switch" v="1"/>
		<p n="braceloc_lock" v="1"/>
		<p n="braceloc_while" v="1"/>
		<p n="braceloc_property" v="1"/>
		<p n="braceloc_do" v="1"/>
		<p n="braceloc_for" v="1"/>
		<p n="braceloc_anon_class" v="1"/>
		<p n="braceloc_enum" v="1"/>
		<p n="braceloc_if" v="1"/>
		<p n="braceloc_catch" v="1"/>
		<p n="braceloc_using" v="1"/>
	</profile>
</options>
