<options>
	<profile n="language.m.beautifier_profiles.Default" version="1">
		<p n="indent_with_tabs" v="1"/>
		<p n="nl_before_else" v="1"/>
		<p n="braceloc_struct" v="1"/>
		<p n="braceloc_try" v="1"/>
		<p n="braceloc_namespace" v="1"/>
		<p n="braceloc_union" v="1"/>
		<p n="braceloc_fun" v="1"/>
		<p n="braceloc_asm" v="1"/>
		<p n="braceloc_class" v="1"/>
		<p n="braceloc_switch" v="1"/>
		<p n="braceloc_while" v="1"/>
		<p n="braceloc_do" v="1"/>
		<p n="braceloc_for" v="1"/>
		<p n="braceloc_enum" v="1"/>
		<p n="braceloc_if" v="1"/>
		<p n="braceloc_catch" v="1"/>
	</profile>
</options>
